label,name,ann_s,dd_s,cal_s,ann_b,dd_b,cal_b,trades,avg,rand,beats_rand,assets_beat
STOCKS,ST01-A MA 20/50 (video),3.9534121801936717,-13.10353314999796,0.30170581742637004,14.337810886285652,-22.63416185627971,0.6334588829631309,796,1.391411030862188,2.779337909224696,0.33333333333333337,12.244897959183673
ETFs  ,ST01-A MA 20/50 (video),3.2217456246102616,-26.298221227437757,0.1225081193418859,12.087795474383988,-29.008723224069687,0.4166951913400403,42,1.429341083098821,3.2007125582772864,8.333333333333332,0.0
CRYPTO,ST01-A MA 20/50 (video),25.353890505960685,-29.63307425703723,0.8555943364512602,-5.337052329743052,-64.2181168296597,-0.08310820362265882,109,17.826156257537683,2.765368964914412,98.0,80.76923076923077
STOCKS,ST01-B MA 50/200,8.864147074528383,-11.244232320782421,0.7883283466266533,14.337810886285652,-22.63416185627971,0.6334588829631309,198,14.50131569166621,14.758347955849777,47.66666666666667,34.69387755102041
ETFs  ,ST01-B MA 50/200,10.012793137788822,-16.92999769061736,0.5914231839108834,12.087795474383988,-29.008723224069687,0.4166951913400403,8,22.926984095043316,17.386760840945204,77.0,66.66666666666666
CRYPTO,ST01-B MA 50/200,6.850105846627574,-28.211744212755864,0.24281043366082689,-5.337052329743052,-64.2181168296597,-0.08310820362265882,28,18.318927908895727,2.7286800349406124,81.66666666666667,66.66666666666666
STOCKS,ST01-C MA 10/30,5.353924768960905,-13.14753493341092,0.40721890423392954,14.337810886285652,-22.63416185627971,0.6334588829631309,1341,1.2715888389388654,1.6492448557757722,9.0,20.408163265306122
ETFs  ,ST01-C MA 10/30,5.582955179846016,-21.92135954134047,0.2546810643435405,12.087795474383988,-29.008723224069687,0.4166951913400403,74,1.5716605751018213,1.8269495905625193,35.333333333333336,33.33333333333333
CRYPTO,ST01-C MA 10/30,8.543791843108139,-28.890128255603543,0.2957339533946507,-5.337052329743052,-64.2181168296597,-0.08310820362265882,208,6.700847348137093,0.9734765870546604,95.0,53.84615384615385
STOCKS,ST02-A Turtle 20/10,3.9440254224684557,-6.973911390380961,0.5655399390230864,14.337810886285652,-22.63416185627971,0.6334588829631309,1239,0.9974154893572442,1.261297560621525,12.666666666666668,28.57142857142857
ETFs  ,ST02-A Turtle 20/10,2.339921341728557,-12.203973184793792,0.19173438898113196,12.087795474383988,-29.008723224069687,0.4166951913400403,90,0.6745701624599338,1.0598045590558263,22.0,0.0
CRYPTO,ST02-A Turtle 20/10,10.965106548325053,-19.052421598193714,0.57552298492936,-5.337052329743052,-64.2181168296597,-0.08310820362265882,160,8.266060478791427,1.3355456133081116,95.33333333333334,61.53846153846154
STOCKS,ST02-B Turtle 55/20,3.429552779271239,-5.030143024765543,0.6818002514811379,14.337810886285652,-22.63416185627971,0.6334588829631309,672,1.435629857231188,2.037025893980451,7.333333333333333,16.3265306122449
ETFs  ,ST02-B Turtle 55/20,1.4719600493029228,-13.278312486116285,0.11085445163622971,12.087795474383988,-29.008723224069687,0.4166951913400403,51,0.9170534617940145,1.8267692019523483,16.666666666666664,0.0
CRYPTO,ST02-B Turtle 55/20,13.101931277869184,-9.617422198543512,1.3623121671681808,-5.337052329743052,-64.2181168296597,-0.08310820362265882,73,13.396548510757736,3.911110846164996,91.0,68.0
